﻿<?xml version="1.0" encoding="utf-8"?>
<Controls:Controls xmlns:Controls="http://www.simat.co.th">
  <!--<Control>
    <name>panel_Asset.sS_MaskedTextBox_AssetNo</name>
    <description>Asset id</description>
    <defaultvalue></defaultvalue>
    <entity>Assetid</entity>
    <controltype>textbox</controltype>
    <width>200</width>
    <datatype>string </datatype>
    <format></format>
    <operation>like</operation>
    <prefix></prefix>
    <sufix>%</sufix>
    <nextoperation>or</nextoperation>
  </Control>
  <Control>
		<name>panel_Asset.sS_MaskedTextBox_AssetName</name>
		<description>name</description>
		<defaultvalue></defaultvalue>
		<entity>Assetname</entity>
		<controltype>textbox</controltype>
		<width>200 </width>
		<datatype>string </datatype>
		<format></format>
		<operation>like</operation>
		<prefix>%</prefix>
		<sufix></sufix>
		<nextoperation>or</nextoperation>
  </Control>-->
</Controls:Controls>