﻿<?xml version="1.0" encoding="utf-8"?>
<Controls:Controls xmlns:Controls="http://www.simat.co.th">
	<Menu>
		<name></name>
		<Menuid>001004</Menuid>
		<Profilename>InternalTransfer</Profilename>
	</Menu>
	<Menu>
		<name></name>
		<Menuid>002002</Menuid>
		<Profilename>Model</Profilename>
	</Menu>
	<Menu>
		<name></name>
		<Menuid>2002</Menuid>
		<Profilename>ModelHome</Profilename>
	</Menu>
	<Menu>
		<name></name>
		<Menuid>002005</Menuid>
		<Profilename>Supplier</Profilename>
	</Menu>
	<Menu>
		<name></name>
		<Menuid>002006</Menuid>
		<Profilename>Facility</Profilename>
	</Menu>
	<Menu>
		<name></name>
		<Menuid>002007</Menuid>
		<Profilename>Area</Profilename>
	</Menu>
	<Menu>
		<name></name>
		<Menuid>002008</Menuid>
		<Profilename>Building</Profilename>
	</Menu>
	<Menu>
		<name></name>
		<Menuid>002009</Menuid>
		<Profilename>Floor</Profilename>
	</Menu>
	<Menu>
		<name></name>
		<Menuid>002010</Menuid>
		<Profilename>Department</Profilename>
	</Menu>
	<Menu>
		<name></name>
		<Menuid>002011</Menuid>
		<Profilename>Custodian</Profilename>
	</Menu>
	<Menu>
		<name></name>
		<Menuid>002012</Menuid>
		<Profilename>Reason</Profilename>
	</Menu>
	<Menu>
		<name></name>
		<Menuid>002013</Menuid>
		<Profilename>Status</Profilename>
	</Menu>
	<Menu>
		<name></name>
		<Menuid>005001_01</Menuid>
		<Profilename>BarcodeAssetAdd</Profilename>
	</Menu>
	<Menu>
		<name></name>
		<Menuid>005001_02</Menuid>
		<Profilename>BarcodeAssetSelect</Profilename>
	</Menu>
	<Menu>
		<name></name>
		<Menuid>005002</Menuid>
		<Profilename>BarcodeModel</Profilename>
	</Menu>
	<Menu>
		<name></name>
		<Menuid>005003</Menuid>
		<Profilename>BarcodeArea</Profilename>
	</Menu>
	<Menu>
		<name></name>
		<Menuid>005004</Menuid>
		<Profilename>BarcodeBuilding</Profilename>
	</Menu>
	<Menu>
		<name></name>
		<Menuid>005005</Menuid>
		<Profilename>BarcodeFloor</Profilename>
	</Menu>
	<Menu>
		<name></name>
		<Menuid>005006</Menuid>
		<Profilename>BarcodeDepartment</Profilename>
	</Menu>
	<Menu>
		<name></name>
		<Menuid>005007</Menuid>
		<Profilename>BarcodeCustodian</Profilename>
	</Menu>
  <Menu>
    <name></name>
    <Menuid>005010</Menuid>
    <Profilename>BarcodeAssetNew</Profilename>
  </Menu>
	<Menu>
		<name></name>
		<Menuid>006001</Menuid>
		<Profilename>whUser</Profilename>
	</Menu>
	<Menu>
		<name></name>
		<Menuid>006002</Menuid>
		<Profilename>whGroup</Profilename>
	</Menu>
	<Menu>
		<name></name>
		<Menuid>002004</Menuid>
		<Profilename>Type</Profilename>
	</Menu>
	<Menu>
		<name></name>
		<Menuid>002001</Menuid>
		<Profilename>AssetHome</Profilename>
	</Menu>
	<Menu>
		<name></name>
		<Menuid>Q1</Menuid>
		<Profilename>//Query//Q1</Profilename>
	</Menu>
	<Menu>
		<name></name>
		<Menuid>Q2</Menuid>
		<Profilename>//Query//Q2</Profilename>
	</Menu>
</Controls:Controls>