<?xml version="1.0" encoding="utf-8"?>
<Controls:Controls xmlns:Controls="http://www.simat.co.th">
  <Menu>
    <name></name>
    <Menuid>41</Menuid>
    <Profilename>R41-StockAsset</Profilename>
  </Menu>
  <Menu>
    <name></name>
    <Menuid>42</Menuid>
    <Profilename>R42-POReceive</Profilename>
  </Menu>
	<Menu>
		<name></name>
		<Menuid>43</Menuid>
		<Profilename>Report-Internal_ExternalTransfer</Profilename>
	</Menu>
	<Menu>
		<name></name>
		<Menuid>44</Menuid>
		<Profilename>Report-CheckStock</Profilename>
	</Menu>
	<Menu>
		<name></name>
		<Menuid>45</Menuid>
		<Profilename>R45-Warranty</Profilename>
	</Menu>
	<Menu>
		<name></name>
		<Menuid>46</Menuid>
		<Profilename>R46-StockAssetByBU</Profilename>
	</Menu>
  <Menu>
    <name></name>
    <Menuid>47</Menuid>
    <Profilename>R47-StockAssetByLoc</Profilename>
  </Menu>
  <Menu>
    <name></name>
    <Menuid>48</Menuid>
    <Profilename>R48-StockAssetByStatus</Profilename>
  </Menu>
  <Menu>
    <name></name>
    <Menuid>49</Menuid>
    <Profilename>R49-StockAssetByCapex</Profilename>
  </Menu>
  <Menu>
    <name></name>
    <Menuid>410</Menuid>
    <Profilename>R410-StockAssetByMA</Profilename>
  </Menu>
  <Menu>
    <name></name>
    <Menuid>411</Menuid>
    <Profilename>R411-StockAssetByReceive</Profilename>
  </Menu>
  <Menu>
    <name></name>
    <Menuid>412</Menuid>
    <Profilename>R412-StockAssetByTransfer</Profilename>
  </Menu>
  <Menu>
    <name></name>
    <Menuid>413</Menuid>
    <Profilename>R413-MasterAsset</Profilename>
  </Menu>
</Controls:Controls>