﻿<?xml version="1.0" encoding="utf-8"?>
<Controls:Controls xmlns:Controls="http://www.simat.co.th">
	<Control>
		<name>GroupID</name>
		<entity>usGroupID</entity>
		<width>150 </width>
		<datatype>string </datatype>
		<format></format>
	</Control>
	<Control>
		<name>Group Name</name>
		<entity>usGroupName</entity>
		<width>150 </width>
		<datatype>string </datatype>
		<format></format>
		<align>left</align>
	</Control>
	<Control>
		<name>Facility No</name>
		<entity>FacCode</entity>
		<width>150 </width>
		<datatype>string </datatype>
		<format></format>
		<align>left</align>
	</Control>

</Controls:Controls>
